lever_id,target_operator,secondary_operators,tier,reliability,category,sql_construct,prompt_hint,example_snippet,non_degenerate_note
right_outer_join,RightJoin,Join,1,guaranteed,join,RIGHT OUTER JOIN,"Join a fact table to a dimension with a RIGHT OUTER JOIN so unmatched right-side rows are retained.","SELECT d.name, s.amt FROM sales s RIGHT OUTER JOIN dim d ON s.dk = d.k","Right side must contain rows with no match; do not add a WHERE filter that makes it inner."
full_outer_join,FullOuterJoin,Join,1,guaranteed,join,FULL OUTER JOIN,"Combine two tables with a FULL OUTER JOIN keeping unmatched rows from both sides.","SELECT a.k, b.k FROM t_a a FULL OUTER JOIN t_b b ON a.k = b.k","Neither side may be fully covered by the other; avoid predicates that force inner semantics."
cross_join,CrossJoin,Join,1,guaranteed,join,CROSS JOIN,"Form a CROSS JOIN (cartesian product) between a small dimension and a computed set.","SELECT a.k, b.g FROM small_a a CROSS JOIN small_b b","Keep both inputs small; do not add an equality predicate (that turns it into an inner join)."
semi_join_in,SemiJoin,,1,guaranteed,subquery,IN (uncorrelated subquery),"Filter one table to rows whose key appears IN an uncorrelated subquery over another table.","SELECT * FROM orders WHERE cust_k IN (SELECT k FROM customer WHERE region = 'X')","Subquery must be uncorrelated (no reference to the outer query)."
anti_join_not_in,SemiJoin,Filter,1,guaranteed,subquery,NOT IN (uncorrelated subquery),"Select rows whose key is NOT IN an uncorrelated subquery to force an anti-semi-join.","SELECT * FROM orders WHERE cust_k NOT IN (SELECT k FROM returns)","Subquery column should be non-nullable to avoid NULL-driven empty results."
semi_join_exists,SemiJoin,,1,guaranteed,subquery,EXISTS (correlated),"Keep rows for which a correlated EXISTS subquery returns at least one match.","SELECT * FROM customer c WHERE EXISTS (SELECT 1 FROM orders o WHERE o.cust_k = c.k)","Correlation predicate must reference the outer row; may render as SemiJoin or decorrelate."
anti_join_not_exists,SemiJoin,Filter,1,guaranteed,subquery,NOT EXISTS (correlated),"Keep rows for which a correlated NOT EXISTS subquery finds no match (anti-join).","SELECT * FROM customer c WHERE NOT EXISTS (SELECT 1 FROM orders o WHERE o.cust_k = c.k)","Correlation predicate must reference the outer row."
correlated_scalar,CorrelatedJoin,Aggregate,1,conditional,subquery,correlated scalar subquery,"Add a correlated scalar subquery in the SELECT list that aggregates a related table per outer row.","SELECT c.k, (SELECT count(*) FROM orders o WHERE o.cust_k = c.k) AS n FROM customer c","May decorrelate to a Join+Aggregate; keep the correlation to trigger the correlated path."
lateral_join,CorrelatedJoin,,1,conditional,subquery,LATERAL,"Use a LATERAL subquery that references columns from the preceding relation.","SELECT c.k, t.recent FROM customer c CROSS JOIN LATERAL (SELECT max(o.d) AS recent FROM orders o WHERE o.cust_k = c.k) t","LATERAL body must reference the outer relation."
scalar_subquery,EnforceSingleRow,Project,1,guaranteed,subquery,scalar subquery (uncorrelated),"Compare a column against an uncorrelated scalar subquery that returns exactly one row.","SELECT * FROM item WHERE price > (SELECT avg(price) FROM item)","Subquery must return a single row (aggregate or LIMIT 1)."
grouping_sets,GroupId,Aggregate,1,guaranteed,aggregation,GROUP BY GROUPING SETS,"Aggregate over multiple GROUPING SETS in one query.","SELECT a, b, sum(v) FROM t GROUP BY GROUPING SETS ((a,b),(a),())","Use at least two distinct grouping sets."
rollup,GroupId,Aggregate,1,guaranteed,aggregation,GROUP BY ROLLUP,"Produce subtotals and a grand total with GROUP BY ROLLUP.","SELECT a, b, sum(v) FROM t GROUP BY ROLLUP (a, b)","Use two or more columns so the rollup has intermediate levels."
cube,GroupId,Aggregate,1,guaranteed,aggregation,GROUP BY CUBE,"Compute all-dimension combinations with GROUP BY CUBE.","SELECT a, b, sum(v) FROM t GROUP BY CUBE (a, b)","Use two or more columns."
distinct_multi_agg,MarkDistinct,Aggregate,2,conditional,aggregation,multiple DISTINCT aggregates,"Compute two or more DISTINCT aggregates on different columns in one query.","SELECT count(DISTINCT a), count(DISTINCT b) FROM t","Distinct columns must differ; strategy (MarkDistinct vs subqueries) is stats-chosen."
window_rank,Window,,1,guaranteed,window,ranking window function,"Add a ranking window function partitioned and ordered over a table.","SELECT k, rank() OVER (PARTITION BY g ORDER BY v DESC) AS r FROM t","Do NOT filter on the rank result (that would convert to TopNRanking)."
window_analytic,Window,,1,guaranteed,window,LAG/LEAD/running aggregate,"Add an analytic window function such as LAG, LEAD, or a running SUM over an ordered partition.","SELECT k, sum(v) OVER (PARTITION BY g ORDER BY d ROWS UNBOUNDED PRECEDING) AS rt FROM t","Include PARTITION BY and ORDER BY to force a real Window operator."
top_n_per_group,TopNRanking,Window,2,guaranteed,window,ranking + rank filter,"Return the top-k rows per group using a ranking window function filtered to rank<=k.","SELECT * FROM (SELECT k, row_number() OVER (PARTITION BY g ORDER BY v DESC) rn FROM t) WHERE rn <= 5","The rank<=k filter is what triggers TopNRanking; keep k small and constant."
row_number_unbounded,RowNumber,,1,guaranteed,window,ROW_NUMBER without rank filter,"Assign a global or partitioned ROW_NUMBER without any downstream rank filter.","SELECT k, row_number() OVER (ORDER BY v) AS rn FROM t","Must not be followed by a rn<=k filter (that yields TopNRanking instead)."
intersect,Intersect,Aggregate,1,guaranteed,set,INTERSECT,"Intersect the key sets of two subqueries with INTERSECT.","SELECT k FROM t_a INTERSECT SELECT k FROM t_b","Both sides must project the same column set."
except,Except,Aggregate,1,guaranteed,set,EXCEPT,"Subtract one key set from another with EXCEPT.","SELECT k FROM t_a EXCEPT SELECT k FROM t_b","Both sides must project the same column set."
union_distinct,Union,Aggregate,1,guaranteed,set,UNION (distinct),"Combine two selects with UNION (distinct) to force a dedup aggregate over the union.","SELECT k, v FROM t_a UNION SELECT k, v FROM t_b","Use UNION not UNION ALL so a distinct aggregate is added."
unnest,Unnest,Join,1,guaranteed,unnest,UNNEST,"Expand an array or map column with UNNEST joined to its parent row.","SELECT t.k, u.e FROM t CROSS JOIN UNNEST(t.arr) AS u(e)","Requires an array/map-typed column in the schema."
tablesample,Sample,,1,guaranteed,sample,TABLESAMPLE,"Sample a fraction of a table with TABLESAMPLE BERNOULLI.","SELECT * FROM big_table TABLESAMPLE BERNOULLI (10)","Apply to a base table reference; percentage between 0 and 100."
offset_fetch,Offset,TopN,1,guaranteed,limit,OFFSET with ORDER BY,"Page results with ORDER BY combined with OFFSET and FETCH/LIMIT.","SELECT k FROM t ORDER BY v OFFSET 20 LIMIT 10","OFFSET must be non-zero to retain the Offset operator."
recursive_cte,Union,Aggregate,1,conditional,cte,WITH RECURSIVE,"Traverse a hierarchy with a WITH RECURSIVE CTE (anchor UNION ALL recursive step).","WITH RECURSIVE r(k, lvl) AS (SELECT k, 0 FROM node WHERE parent IS NULL UNION ALL SELECT n.k, r.lvl+1 FROM node n JOIN r ON n.parent = r.k) SELECT * FROM r","Requires a self-referential parent/child relationship; bound recursion depth."
order_by_limit,TopN,,2,guaranteed,sort,ORDER BY + LIMIT,"Return the top rows by an ordering expression with ORDER BY plus LIMIT.","SELECT k, v FROM t ORDER BY v DESC LIMIT 20","ORDER BY and LIMIT together always merge into TopN."
